Workbook

Sheet Raw Data
A1: pizza_id | B1: order_id | C1: pizza_name_id | D1: quantity | E1: order_date | F1: order_time | G1: unit_price | H1: total_price | I1: pizza_size | J1: pizza_category | K1: pizza_ingredients | L1: pizza_name
A2: 1 | B2: 1 | C2: hawaiian_m | D2: 1 | E2: 1/1/2015 | F2: 11:38:36 | G2: 13.25 | H2: 13.25 | I2: M | J2: Classic | K2: Sliced Ham, Pineapple, Mozzarella Cheese | L2: The Hawaiian Pizza
A3: 2 | B3: 2 | C3: classic_dlx_m | D3: 1 | E3: 1/1/2015 | F3: 11:57:40 | G3: 16 | H3: 16 | I3: M | J3: Classic | K3: Pepperoni, Mushrooms, Red Onions, Red Peppers, Bacon | L3: The Classic Deluxe Pizza
A4: 3 | B4: 2 | C4: five_cheese_l | D4: 1 | E4: 1/1/2015 | F4: 11:57:40 | G4: 18.5 | H4: 18.5 | I4: L | J4: Veggie | K4: Mozzarella Cheese, Provolone Cheese, Smoked Gouda Cheese, Romano Cheese, Blue Cheese, Garlic | L4: The Five Cheese Pizza
A5: 4 | B5: 2 | C5: ital_supr_l | D5: 1 | E5: 1/1/2015 | F5: 11:57:40 | G5: 20.75 | H5: 20.75 | I5: L | J5: Supreme | K5: Calabrese Salami, Capocollo, Tomatoes, Red Onions, Green Olives, Garlic | L5: The Italian Supreme Pizza
A6: 5 | B6: 2 | C6: mexicana_m | D6: 1 | E6: 1/1/2015 | F6: 11:57:40 | G6: 16 | H6: 16 | I6: M | J6: Veggie | K6: Tomatoes, Red Peppers, Jalapeno Peppers, Red Onions, Cilantro, Corn, Chipotle Sauce, Garlic | L6: The Mexicana Pizza
A7: 6 | B7: 2 | C7: thai_ckn_l | D7: 1 | E7: 1/1/2015 | F7: 11:57:40 | G7: 20.75 | H7: 20.75 | I7: L | J7: Chicken | K7: Chicken, Pineapple, Tomatoes, Red Peppers, Thai Sweet Chilli Sauce | L7: The Thai Chicken Pizza
A8: 7 | B8: 3 | C8: ital_supr_m | D8: 1 | E8: 1/1/2015 | F8: 12:12:28 | G8: 16.5 | H8: 16.5 | I8: M | J8: Supreme | K8: Calabrese Salami, Capocollo, Tomatoes, Red Onions, Green Olives, Garlic | L8: The Italian Supreme Pizza
A9: 8 | B9: 3 | C9: prsc_argla_l | D9: 1 | E9: 1/1/2015 | F9: 12:12:28 | G9: 20.75 | H9: 20.75 | I9: L | J9: Supreme | K9: Prosciutto di San Daniele, Arugula, Mozzarella Cheese | L9: The Prosciutto and Arugula Pizza
A10: 9 | B10: 4 | C10: ital_supr_m | D10: 1 | E10: 1/1/2015 | F10: 12:16:31 | G10: 16.5 | H10: 16.5 | I10: M | J10: Supreme | K10: Calabrese Salami, Capocollo, Tomatoes, Red Onions, Green Olives, Garlic | L10: The Italian Supreme Pizza
A11: 10 | B11: 5 | C11: ital_supr_m | D11: 1 | E11: 1/1/2015 | F11: 12:21:30 | G11: 16.5 | H11: 16.5 | I11: M | J11: Supreme | K11: Calabrese Salami, Capocollo, Tomatoes, Red Onions, Green Olives, Garlic | L11: The Italian Supreme Pizza
A12: 11 | B12: 6 | C12: bbq_ckn_s | D12: 1 | E12: 1/1/2015 | F12: 12:29:36 | G12: 12.75 | H12: 12.75 | I12: S | J12: Chicken | K12: Barbecued Chicken, Red Peppers, Green Peppers, Tomatoes, Red Onions, Barbecue Sauce | L12: The Barbecue Chicken Pizza
A13: 12 | B13: 6 | C13: the_greek_s | D13: 1 | E13: 1/1/2015 | F13: 12:29:36 | G13: 12 | H13: 12 | I13: S | J13: Classic | K13: Kalamata Olives, Feta Cheese, Tomatoes, Garlic, Beef Chuck Roast, Red Onions | L13: The Greek Pizza
... A101: 100 | B101: 41 | C101: green_garden_s | D101: 1 | E101: 1/1/2015 | F101: 17:15:20 | G101: 12 | H101: 12 | I101: S | J101: Veggie | K101: Spinach, Mushrooms, Tomatoes, Green Olives, Feta Cheese | L101: The Green Garden Pizza

Sheet Summary Dashboard
A1: PIZZA SALES - SUMMARY DASHBOARD
A3: Total Revenue ($) | B3: =ROUND(SUM('Raw Data'!H2:H101),2) -> 1683.65
A4: Total Orders | B4: =SUMPRODUCT(1/COUNTIF('Raw Data'!B2:B101,'Raw Data'!B2:B101)) -> 41
A5: Total Pizzas Sold | B5: =SUM('Raw Data'!D2:D101) -> 101
A6: Average Order Value ($) | B6: =ROUND(B3/B4,2) -> 41.06
A9: Revenue by Pizza Category
A10: Category | B10: Revenue ($) | C10: Quantity Sold
A11: Chicken | B11: =ROUND(SUMIF('Raw Data'!J2:J101,A11,'Raw Data'!H2:H101),2) -> 404.5 | C11: =SUMIF('Raw Data'!J2:J101,A11,'Raw Data'!D2:D101) -> 22
A12: Classic | B12: =ROUND(SUMIF('Raw Data'!J2:J101,A12,'Raw Data'!H2:H101),2) -> 414.25 | C12: =SUMIF('Raw Data'!J2:J101,A12,'Raw Data'!D2:D101) -> 28
A13: Supreme | B13: =ROUND(SUMIF('Raw Data'!J2:J101,A13,'Raw Data'!H2:H101),2) -> 359.5 | C13: =SUMIF('Raw Data'!J2:J101,A13,'Raw Data'!D2:D101) -> 21
A14: Veggie | B14: =ROUND(SUMIF('Raw Data'!J2:J101,A14,'Raw Data'!H2:H101),2) -> 505.4 | C14: =SUMIF('Raw Data'!J2:J101,A14,'Raw Data'!D2:D101) -> 30
A17: Revenue by Pizza Size
A18: Size | B18: Revenue ($) | C18: Quantity Sold
A19: S | B19: =ROUND(SUMIF('Raw Data'!I2:I101,A19,'Raw Data'!H2:H101),2) -> 351.25 | C19: =SUMIF('Raw Data'!I2:I101,A19,'Raw Data'!D2:D101) -> 29
A20: M | B20: =ROUND(SUMIF('Raw Data'!I2:I101,A20,'Raw Data'!H2:H101),2) -> 409.5 | C20: =SUMIF('Raw Data'!I2:I101,A20,'Raw Data'!D2:D101) -> 26
A21: L | B21: =ROUND(SUMIF('Raw Data'!I2:I101,A21,'Raw Data'!H2:H101),2) -> 922.9 | C21: =SUMIF('Raw Data'!I2:I101,A21,'Raw Data'!D2:D101) -> 46
A24: Top 5 Best-Selling Pizzas
A25: Pizza Name | B25: Quantity Sold
A26: The Italian Supreme Pizza | B26: 11
A27: The Italian Capocollo Pizza | B27: 7
A28: The Barbecue Chicken Pizza | B28: 7
A29: The Mexicana Pizza | B29: 7
A30: The Green Garden Pizza | B30: 6
A33: Top 5 Revenue-Generating Pizzas
A34: Pizza Name | B34: Revenue ($)
A35: The Italian Supreme Pizza | B35: 194.5
A36: The Italian Capocollo Pizza | B36: 134.5
A37: The Barbecue Chicken Pizza | B37: 129.25
A38: The Mexicana Pizza | B38: 125
A39: The Thai Chicken Pizza | B39: 103.75
A42: Orders by Hour of Day
A43: Hour | B43: Number of Orders
A44: 11:00 | B44: 6
A45: 12:00 | B45: 17
A46: 13:00 | B46: 32
A47: 14:00 | B47: 15
A48: 15:00 | B48: 14
A49: 16:00 | B49: 9
A50: 17:00 | B50: 7

Sheet Pivot Analysis
A1: PIVOT-STYLE ANALYSIS: Category x Size (Revenue)
A3: Category | B3: S | C3: M | D3: L | E3: Grand Total
A4: Chicken | B4: =ROUND(SUMIFS('Raw Data'!H2:H101,'Raw Data'!J2:J101,$A4,'Raw Data'!I2:I101,B$3),2) -> 63.75 | C4: =ROUND(SUMIFS('Raw Data'!H2:H101,'Raw Data'!J2:J101,$A4,'Raw Data'!I2:I101,C$3),2) -> 50.25 | D4: =ROUND(SUMIFS('Raw Data'!H2:H101,'Raw Data'!J2:J101,$A4,'Raw Data'!I2:I101,D$3),2) -> 290.5 | E4: =SUM(B4:D4) -> 404.5
A5: Classic | B5: =ROUND(SUMIFS('Raw Data'!H2:H101,'Raw Data'!J2:J101,$A5,'Raw Data'!I2:I101,B$3),2) -> 140.25 | C5: =ROUND(SUMIFS('Raw Data'!H2:H101,'Raw Data'!J2:J101,$A5,'Raw Data'!I2:I101,C$3),2) -> 118.25 | D5: =ROUND(SUMIFS('Raw Data'!H2:H101,'Raw Data'!J2:J101,$A5,'Raw Data'!I2:I101,D$3),2) -> 155.75 | E5: =SUM(B5:D5) -> 414.25
A6: Supreme | B6: =ROUND(SUMIFS('Raw Data'!H2:H101,'Raw Data'!J2:J101,$A6,'Raw Data'!I2:I101,B$3),2) -> 62.5 | C6: =ROUND(SUMIFS('Raw Data'!H2:H101,'Raw Data'!J2:J101,$A6,'Raw Data'!I2:I101,C$3),2) -> 131.5 | D6: =ROUND(SUMIFS('Raw Data'!H2:H101,'Raw Data'!J2:J101,$A6,'Raw Data'!I2:I101,D$3),2) -> 165.5 | E6: =SUM(B6:D6) -> 359.5
A7: Veggie | B7: =ROUND(SUMIFS('Raw Data'!H2:H101,'Raw Data'!J2:J101,$A7,'Raw Data'!I2:I101,B$3),2) -> 84.75 | C7: =ROUND(SUMIFS('Raw Data'!H2:H101,'Raw Data'!J2:J101,$A7,'Raw Data'!I2:I101,C$3),2) -> 109.5 | D7: =ROUND(SUMIFS('Raw Data'!H2:H101,'Raw Data'!J2:J101,$A7,'Raw Data'!I2:I101,D$3),2) -> 311.15 | E7: =SUM(B7:D7) -> 505.4
A8: Grand Total | B8: =SUM(B4:B7) -> 351.25 | C8: =SUM(C4:C7) -> 409.5 | D8: =SUM(D4:D7) -> 922.9 | E8: =SUM(E4:E7) -> 1683.65

Sheet How To Use
A1: PIZZA SALES PROJECT - GUIDE
A4: Sheet 1: Raw Data | B4: Original CSV data loaded as-is. This is the source for all formulas.
A5: Sheet 2: Summary Dashboard | B5: KPIs (Total Revenue, Orders, Avg Order Value) + charts for category, size, and top pizzas.
A6: Sheet 3: Pivot Analysis | B6: A manual pivot table showing Revenue broken down by Category and Size, using SUMIFS formulas.
A8: How the formulas work:
A9: SUMIF(range, criteria, sum_range) | B9: Adds values where a single condition matches (e.g. category = Veggie).
A10: SUMIFS(sum_range, range1, crit1, range2, crit2) | B10: Adds values where MULTIPLE conditions match (used in Pivot Analysis).
A11: SUMPRODUCT(1/COUNTIF(range,range)) | B11: A trick to count DISTINCT values (used for Total Orders).
A13: Tip for your resume/interview: | B13: Explain that you built this using SQL (SQLite) for querying and Excel formulas/charts for reporting - a common real-world analyst workflow.
